{"hyper-neutrino": {"recency": 1524247859.966928, "password": "e823f433040264eac074a521aac62167c37a8323cbfb7437f041c676d430ddbc", "scores": {"lucky-business": 100, "hello-world": 10, "runs-of-runs": 30, "string-finding-hard": 100, "ccc15j3": 20, "paper-stacking": 100, "welcome-to-my-city": 70, "welcome-back-to-math": 30, "four-leaf-clovers": 40, "greedy-leprechauns": 30, "ccc18s2": 20, "cat-and-wizard": 80, "ccc18j3": 20, "welcome-to-my-hotel": 40, "mod-exp": 30, "prime-sums": 50}}, "tmanti": {"recency": 1524685962.0194094, "password": "c775e7b757ede630cd0aa1113bd102661ab38829ca52a6422ab782862f268646", "scores": {"four-leaf-clovers": 40, "greedy-leprechauns": 30, "ccc18s2": 20, "ccc18s1": 20, "string-finding": 30, "welcome-to-my-city": 70, "hello-world": 10}}, "test": {"recency": 1523754009.940314, "password": "94ee059335e587e501cc4bf90613e0814f00a7b08bc7c648fd865a2af6a22cc2", "scores": {}}, "alex-liao": {"recency": 1523983737.5272624, "password": "e823f433040264eac074a521aac62167c37a8323cbfb7437f041c676d430ddbc", "scores": {"hello-world": 10, "ccc16j2": 20}}, "Riolku": {"recency": 1524832177.642044, "password": "5423e101ab4daea5abbab828fc4ccf8d4624a7b856c0a3b223e2faa6763788c3", "scores": {"lucky-business": 100, "ccc18s5": 200, "mod-exp": 30, "string-finding-hard": 100, "ccc15j5": 80, "ccc17j3": 20, "ccc18s1": 20, "ccc15j1": 20, "ecoo17r3p4": 300, "ccc15s5": 200, "ccc16s3": 90, "welcome-back-to-math": 30, "ccc18j1": 20, "ccc15s1": 20, "greedy-leprechauns": 30, "ccc18s3": 90, "cat-and-wizard": 80, "ccc18j3": 20, "string-finding": 30, "ccc17s3": 40, "binary-search-2": 40, "four-leaf-clovers": 40, "runs-of-runs": 30, "ccc17j2": 20, "ccc15j3": 20, "prime-sums": 50, "ccc18s4": 150, "ccc17j1": 20, "ccc15j4": 20, "ccc16s4": 200, "paper-stacking": 100, "welcome-to-my-city": 70, "ccc18j5": 80, "welcome-to-my-hotel": 40, "hello-world": 10, "ccc18s2": 20, "binary-search-1": 30, "ccc18j2": 20, "ccc14j2": 20, "ccc15j2": 20, "ccc17j4": 30, "ccc16j2": 20}}, "amazingness222": {"recency": 1524841179.185856, "password": "a511aeeeb8a119931a67038a63b7974faee48712de1c79391ebe2c9b929678e9", "scores": {"mod-exp": 30, "prime-sums": 20, "ccc14j5s2": 20, "ccc18s1": 20, "welcome-to-my-hotel": 16, "binary-search-2": 40, "welcome-back-to-math": 30, "ccc15s1": 20, "ccc18j3": 20, "ccc16s2j5": 30, "ccc14j3": 20, "runs-of-runs": 30, "ccc14j4s1": 20, "ccc14j1": 20, "string-finding": 30, "welcome-to-my-city": 70, "ccc14s3": 70, "ccc18j1": 20, "four-leaf-clovers": 40, "greedy-leprechauns": 30, "ccc18s2": 20, "binary-search-1": 30, "ccc18j2": 20, "ccc14j2": 20, "ccc15j2": 20, "ccc17j4": 30, "hello-world": 10}}}