{"amazingness222": {"recency": 1524841179.185856, "password": "a511aeeeb8a119931a67038a63b7974faee48712de1c79391ebe2c9b929678e9", "scores": {"ccc14s3": 70, "ccc14j2": 20, "welcome-to-my-city": 70, "prime-sums": 20, "ccc16s2j5": 30, "welcome-to-my-hotel": 16, "mod-exp": 30, "greedy-leprechauns": 30, "runs-of-runs": 30, "ccc14j1": 20, "ccc18s1": 20, "welcome-back-to-math": 30, "ccc14j4s1": 20, "ccc18s2": 20, "ccc18j1": 20, "binary-search-1": 30, "hello-world": 10, "ccc14j3": 20, "ccc15j2": 20, "four-leaf-clovers": 40, "string-finding": 30, "ccc18j3": 20, "ccc17j4": 30, "binary-search-2": 40, "ccc14j5s2": 20, "ccc18j2": 20, "ccc15s1": 20}}, "Riolku": {"recency": 1524832177.642044, "password": "5423e101ab4daea5abbab828fc4ccf8d4624a7b856c0a3b223e2faa6763788c3", "scores": {"paper-stacking": 100, "ccc15j1": 20, "ccc14j2": 20, "welcome-to-my-city": 70, "ccc17s3": 40, "prime-sums": 50, "ccc17j3": 20, "welcome-to-my-hotel": 40, "mod-exp": 30, "ecoo17r3p4": 300, "runs-of-runs": 30, "ccc17j2": 20, "greedy-leprechauns": 30, "ccc18s4": 150, "ccc17j1": 20, "string-finding-hard": 100, "ccc18s5": 200, "welcome-back-to-math": 30, "ccc15j4": 20, "ccc18s2": 20, "ccc15j3": 20, "ccc16s3": 90, "cat-and-wizard": 80, "ccc18j1": 20, "ccc18s1": 20, "ccc15s5": 200, "hello-world": 10, "ccc18j5": 80, "ccc15j2": 20, "four-leaf-clovers": 40, "ccc15j5": 80, "ccc18s3": 90, "ccc17j4": 30, "ccc18j2": 20, "ccc16s4": 200, "ccc16j2": 20, "string-finding": 30, "lucky-business": 100, "binary-search-2": 40, "binary-search-1": 30, "ccc18j3": 20, "ccc15s1": 20}}, "test": {"recency": 1523754009.940314, "password": "94ee059335e587e501cc4bf90613e0814f00a7b08bc7c648fd865a2af6a22cc2", "scores": {}}, "WoIf_Trinity": {"recency": 1528853853.0073934, "password": "7a7457781dd9bf0706e5334c5d30af0a4a8d461521fbd46a584a31fe8c4d9965", "scores": {}}, "tmanti": {"recency": 1524685962.0194094, "password": "c775e7b757ede630cd0aa1113bd102661ab38829ca52a6422ab782862f268646", "scores": {"greedy-leprechauns": 30, "ccc18s2": 20, "string-finding": 30, "welcome-to-my-city": 70, "hello-world": 10, "ccc18s1": 20, "four-leaf-clovers": 40}}, "TEST": {"recency": 1528554169.0501316, "password": "9f86d081884c7d659a2feaa0c55ad015a3bf4f1b2b0b822cd15d6c15b0f00a08", "scores": {}}, "Gabo": {"recency": 1529070792.014928, "password": "3493b385c72ec401cf6d0db48a63c4ed97183048f15ec43a7f3de9e5e585b012", "scores": {"hello-world": 10}}, "fish": {"recency": 1525892876.4170942, "password": "2fea618d98d9cf63e41c40f5a77b2686ec5aad00df2162403b991f2bba926d23", "scores": {}}, "hyper-neutrino": {"recency": 1529076955.1890924, "password": "e823f433040264eac074a521aac62167c37a8323cbfb7437f041c676d430ddbc", "scores": {"paper-stacking": 100, "ccc18s2": 20, "ccc14j2": 20, "hello-world": 10, "welcome-to-my-city": 70, "cat-and-wizard": 80, "ccc15j3": 20, "prime-sums": 50, "welcome-to-my-hotel": 40, "mod-exp": 30, "four-leaf-clovers": 40, "runs-of-runs": 30, "greedy-leprechauns": 30, "ccc14j1": 20, "string-finding-hard": 100, "lucky-business": 100, "welcome-back-to-math": 30, "ccc18j3": 20}}, "alex-liao": {"recency": 1523983737.5272624, "password": "e823f433040264eac074a521aac62167c37a8323cbfb7437f041c676d430ddbc", "scores": {"ccc16j2": 20, "hello-world": 10}}}