{"fish": {"password": "2fea618d98d9cf63e41c40f5a77b2686ec5aad00df2162403b991f2bba926d23", "recency": 1525892876.4170942, "scores": {}}, "tmanti": {"password": "c775e7b757ede630cd0aa1113bd102661ab38829ca52a6422ab782862f268646", "recency": 1524685962.0194094, "scores": {"welcome-to-my-city": 70, "greedy-leprechauns": 30, "hello-world": 10, "four-leaf-clovers": 40, "ccc18s2": 20, "ccc18s1": 20, "string-finding": 30}}, "test": {"password": "94ee059335e587e501cc4bf90613e0814f00a7b08bc7c648fd865a2af6a22cc2", "recency": 1523754009.940314, "scores": {}}, "alex-liao": {"password": "e823f433040264eac074a521aac62167c37a8323cbfb7437f041c676d430ddbc", "recency": 1523983737.5272624, "scores": {"ccc16j2": 20, "hello-world": 10}}, "Riolku": {"password": "5423e101ab4daea5abbab828fc4ccf8d4624a7b856c0a3b223e2faa6763788c3", "recency": 1524832177.642044, "scores": {"welcome-to-my-city": 70, "ccc18s4": 150, "paper-stacking": 100, "string-finding": 30, "welcome-back-to-math": 30, "ccc15j5": 80, "ccc15j2": 20, "ccc18j3": 20, "cat-and-wizard": 80, "ccc15j3": 20, "ecoo17r3p4": 300, "greedy-leprechauns": 30, "string-finding-hard": 100, "ccc15s5": 200, "ccc18s3": 90, "four-leaf-clovers": 40, "ccc18j1": 20, "welcome-to-my-hotel": 40, "runs-of-runs": 30, "ccc18s5": 200, "mod-exp": 30, "ccc18j5": 80, "ccc17j3": 20, "prime-sums": 50, "ccc18j2": 20, "ccc16s3": 90, "ccc18s2": 20, "ccc15s1": 20, "ccc14j2": 20, "ccc17j4": 30, "hello-world": 10, "ccc16j2": 20, "ccc17j1": 20, "ccc15j1": 20, "lucky-business": 100, "ccc16s4": 200, "ccc17s3": 40, "binary-search-1": 30, "ccc15j4": 20, "ccc17j2": 20, "binary-search-2": 40, "ccc18s1": 20}}, "hyper-neutrino": {"password": "e823f433040264eac074a521aac62167c37a8323cbfb7437f041c676d430ddbc", "recency": 1524247859.966928, "scores": {"welcome-to-my-city": 70, "prime-sums": 50, "paper-stacking": 100, "ccc18s2": 20, "welcome-back-to-math": 30, "ccc18j3": 20, "cat-and-wizard": 80, "ccc15j3": 20, "greedy-leprechauns": 30, "hello-world": 10, "four-leaf-clovers": 40, "lucky-business": 100, "string-finding-hard": 100, "runs-of-runs": 30, "welcome-to-my-hotel": 40, "mod-exp": 30}}, "amazingness222": {"password": "a511aeeeb8a119931a67038a63b7974faee48712de1c79391ebe2c9b929678e9", "recency": 1524841179.185856, "scores": {"welcome-to-my-city": 70, "ccc18j3": 20, "ccc14s3": 70, "welcome-back-to-math": 30, "ccc15j2": 20, "string-finding": 30, "greedy-leprechauns": 30, "hello-world": 10, "four-leaf-clovers": 40, "ccc18j1": 20, "runs-of-runs": 30, "welcome-to-my-hotel": 16, "ccc14j4s1": 20, "mod-exp": 30, "prime-sums": 20, "ccc18j2": 20, "ccc18s2": 20, "ccc14j5s2": 20, "ccc15s1": 20, "ccc14j2": 20, "ccc16s2j5": 30, "ccc14j1": 20, "ccc14j3": 20, "binary-search-1": 30, "ccc17j4": 30, "binary-search-2": 40, "ccc18s1": 20}}}